timestamp,topic,payload_raw,pose_x,pose_y,pose_z,pose_roll,pose_pitch,pose_yaw,j1,j2,j3,j4,j5,j6,linear,angular,gripper_value,event
2026-05-23T21:36:43.522,system,,,,,,,,,,,,,,,,,arm_initialized
2026-05-23T21:36:55.605,robot/gripper,g 0.09,,,,,,,,,,,,,,,,bad_json:Expecting value: line 1 column 1 (char 0)
2026-05-23T21:36:55.606,robot/gripper,g 0.2,,,,,,,,,,,,,,,,bad_json:Expecting value: line 1 column 1 (char 0)
2026-05-23T21:36:55.656,robot/gripper,g 0.26,,,,,,,,,,,,,,,,bad_json:Expecting value: line 1 column 1 (char 0)
2026-05-23T21:36:55.738,robot/gripper,g 0.32,,,,,,,,,,,,,,,,bad_json:Expecting value: line 1 column 1 (char 0)
2026-05-23T21:36:55.831,robot/gripper,g 0.38,,,,,,,,,,,,,,,,bad_json:Expecting value: line 1 column 1 (char 0)
2026-05-23T21:36:55.998,robot/gripper,g 0.45,,,,,,,,,,,,,,,,bad_json:Expecting value: line 1 column 1 (char 0)
2026-05-23T21:36:56.100,robot/gripper,g 0.47,,,,,,,,,,,,,,,,bad_json:Expecting value: line 1 column 1 (char 0)
2026-05-23T21:36:56.212,robot/gripper,g 0.49,,,,,,,,,,,,,,,,bad_json:Expecting value: line 1 column 1 (char 0)
2026-05-23T21:36:57.444,robot/gripper,g 0.49,,,,,,,,,,,,,,,,bad_json:Expecting value: line 1 column 1 (char 0)
2026-05-23T21:36:57.448,robot/gripper,g 0.51,,,,,,,,,,,,,,,,bad_json:Expecting value: line 1 column 1 (char 0)
2026-05-23T21:36:57.561,robot/gripper,g 0.72,,,,,,,,,,,,,,,,bad_json:Expecting value: line 1 column 1 (char 0)
2026-05-23T21:36:57.697,robot/gripper,g 0.76,,,,,,,,,,,,,,,,bad_json:Expecting value: line 1 column 1 (char 0)
2026-05-23T21:36:57.934,robot/gripper,g 0.76,,,,,,,,,,,,,,,,bad_json:Expecting value: line 1 column 1 (char 0)
2026-05-23T21:36:57.938,robot/gripper,g 0.74,,,,,,,,,,,,,,,,bad_json:Expecting value: line 1 column 1 (char 0)
2026-05-23T21:36:58.091,robot/gripper,g 0.59,,,,,,,,,,,,,,,,bad_json:Expecting value: line 1 column 1 (char 0)
2026-05-23T21:36:58.117,robot/gripper,g 0.51,,,,,,,,,,,,,,,,bad_json:Expecting value: line 1 column 1 (char 0)
2026-05-23T21:36:58.281,robot/gripper,g 0.45,,,,,,,,,,,,,,,,bad_json:Expecting value: line 1 column 1 (char 0)
2026-05-23T21:36:58.352,robot/gripper,g 0.03,,,,,,,,,,,,,,,,bad_json:Expecting value: line 1 column 1 (char 0)
2026-05-23T21:36:58.626,robot/gripper,g 0.03,,,,,,,,,,,,,,,,bad_json:Expecting value: line 1 column 1 (char 0)
2026-05-23T21:36:58.788,robot/gripper,g 0.1,,,,,,,,,,,,,,,,bad_json:Expecting value: line 1 column 1 (char 0)
2026-05-23T21:36:58.792,robot/gripper,g 0.2,,,,,,,,,,,,,,,,bad_json:Expecting value: line 1 column 1 (char 0)
2026-05-23T21:36:59.563,robot/gripper,g 0.22,,,,,,,,,,,,,,,,bad_json:Expecting value: line 1 column 1 (char 0)
2026-05-23T21:36:59.565,robot/gripper,g 0.3,,,,,,,,,,,,,,,,bad_json:Expecting value: line 1 column 1 (char 0)
2026-05-23T21:36:59.626,robot/gripper,g 0.45,,,,,,,,,,,,,,,,bad_json:Expecting value: line 1 column 1 (char 0)
2026-05-23T21:36:59.667,robot/gripper,g 0.49,,,,,,,,,,,,,,,,bad_json:Expecting value: line 1 column 1 (char 0)
2026-05-23T21:37:00.356,robot/gripper,g 0.49,,,,,,,,,,,,,,,,bad_json:Expecting value: line 1 column 1 (char 0)
2026-05-23T21:37:00.359,robot/gripper,g 0.45,,,,,,,,,,,,,,,,bad_json:Expecting value: line 1 column 1 (char 0)
2026-05-23T21:37:00.362,robot/gripper,g 0.45,,,,,,,,,,,,,,,,bad_json:Expecting value: line 1 column 1 (char 0)
2026-05-23T21:37:00.422,robot/gripper,g 0.43,,,,,,,,,,,,,,,,bad_json:Expecting value: line 1 column 1 (char 0)
2026-05-23T21:37:00.446,robot/gripper,g 0.41,,,,,,,,,,,,,,,,bad_json:Expecting value: line 1 column 1 (char 0)
2026-05-23T21:37:00.517,robot/gripper,g 0.18,,,,,,,,,,,,,,,,bad_json:Expecting value: line 1 column 1 (char 0)
2026-05-23T21:37:00.596,robot/gripper,g 0.38,,,,,,,,,,,,,,,,bad_json:Expecting value: line 1 column 1 (char 0)
2026-05-23T21:37:00.790,robot/gripper,g 0.59,,,,,,,,,,,,,,,,bad_json:Expecting value: line 1 column 1 (char 0)
2026-05-23T21:37:01.026,robot/gripper,g 0.61,,,,,,,,,,,,,,,,bad_json:Expecting value: line 1 column 1 (char 0)
2026-05-23T21:37:01.030,robot/gripper,g 0.7,,,,,,,,,,,,,,,,bad_json:Expecting value: line 1 column 1 (char 0)
2026-05-23T21:37:01.085,robot/gripper,g 0.78,,,,,,,,,,,,,,,,bad_json:Expecting value: line 1 column 1 (char 0)
2026-05-23T21:37:01.454,robot/gripper,g 0.78,,,,,,,,,,,,,,,,bad_json:Expecting value: line 1 column 1 (char 0)
2026-05-23T21:37:01.458,robot/gripper,g 0.76,,,,,,,,,,,,,,,,bad_json:Expecting value: line 1 column 1 (char 0)
2026-05-23T21:37:01.461,robot/gripper,g 0.74,,,,,,,,,,,,,,,,bad_json:Expecting value: line 1 column 1 (char 0)
2026-05-23T21:37:01.546,robot/gripper,g 0.74,,,,,,,,,,,,,,,,bad_json:Expecting value: line 1 column 1 (char 0)
2026-05-23T21:37:01.857,robot/gripper,g 0.74,,,,,,,,,,,,,,,,bad_json:Expecting value: line 1 column 1 (char 0)
2026-05-23T21:37:01.861,robot/gripper,g 0.63,,,,,,,,,,,,,,,,bad_json:Expecting value: line 1 column 1 (char 0)
2026-05-23T21:37:02.001,robot/gripper,g 0.55,,,,,,,,,,,,,,,,bad_json:Expecting value: line 1 column 1 (char 0)
2026-05-23T21:37:02.276,robot/gripper,g 0.49,,,,,,,,,,,,,,,,bad_json:Expecting value: line 1 column 1 (char 0)
2026-05-23T21:37:02.370,robot/gripper,g 0.45,,,,,,,,,,,,,,,,bad_json:Expecting value: line 1 column 1 (char 0)
2026-05-23T21:37:02.483,robot/gripper,g 0.42,,,,,,,,,,,,,,,,bad_json:Expecting value: line 1 column 1 (char 0)
2026-05-23T21:37:02.967,robot/gripper,g 0.15,,,,,,,,,,,,,,,,bad_json:Expecting value: line 1 column 1 (char 0)
2026-05-23T21:37:03.187,robot/gripper,g 0.15,,,,,,,,,,,,,,,,bad_json:Expecting value: line 1 column 1 (char 0)
2026-05-23T21:37:03.189,robot/gripper,g 0.12,,,,,,,,,,,,,,,,bad_json:Expecting value: line 1 column 1 (char 0)
2026-05-23T21:37:03.339,robot/gripper,g 0.18,,,,,,,,,,,,,,,,bad_json:Expecting value: line 1 column 1 (char 0)
2026-05-23T21:37:03.691,robot/gripper,g 0.18,,,,,,,,,,,,,,,,bad_json:Expecting value: line 1 column 1 (char 0)
2026-05-23T21:37:03.693,robot/gripper,g 0.16,,,,,,,,,,,,,,,,bad_json:Expecting value: line 1 column 1 (char 0)
2026-05-23T21:37:04.420,robot/gripper,g 0.16,,,,,,,,,,,,,,,,bad_json:Expecting value: line 1 column 1 (char 0)
2026-05-23T21:37:04.422,robot/gripper,g 0.18,,,,,,,,,,,,,,,,bad_json:Expecting value: line 1 column 1 (char 0)
2026-05-23T21:37:04.815,robot/gripper,g 0.18,,,,,,,,,,,,,,,,bad_json:Expecting value: line 1 column 1 (char 0)
2026-05-23T21:37:04.819,robot/gripper,g 0.18,,,,,,,,,,,,,,,,bad_json:Expecting value: line 1 column 1 (char 0)
2026-05-23T21:37:04.877,robot/gripper,g 0.18,,,,,,,,,,,,,,,,bad_json:Expecting value: line 1 column 1 (char 0)
2026-05-23T21:37:04.965,robot/gripper,g 0.22,,,,,,,,,,,,,,,,bad_json:Expecting value: line 1 column 1 (char 0)
2026-05-23T21:37:05.117,robot/gripper,g 0.49,,,,,,,,,,,,,,,,bad_json:Expecting value: line 1 column 1 (char 0)
2026-05-23T21:37:05.121,robot/gripper,g 0.53,,,,,,,,,,,,,,,,bad_json:Expecting value: line 1 column 1 (char 0)
2026-05-23T21:37:05.123,robot/gripper,g 0.51,,,,,,,,,,,,,,,,bad_json:Expecting value: line 1 column 1 (char 0)
2026-05-23T21:37:05.168,robot/gripper,g 0.35,,,,,,,,,,,,,,,,bad_json:Expecting value: line 1 column 1 (char 0)
2026-05-23T21:37:05.322,robot/gripper,g 0.2,,,,,,,,,,,,,,,,bad_json:Expecting value: line 1 column 1 (char 0)
2026-05-23T21:37:05.427,robot/gripper,g 0.18,,,,,,,,,,,,,,,,bad_json:Expecting value: line 1 column 1 (char 0)
2026-05-23T21:37:05.533,robot/gripper,g 0.05,,,,,,,,,,,,,,,,bad_json:Expecting value: line 1 column 1 (char 0)
2026-05-23T21:37:05.537,robot/gripper,g 0.34,,,,,,,,,,,,,,,,bad_json:Expecting value: line 1 column 1 (char 0)
2026-05-23T21:37:05.574,robot/gripper,g 0.45,,,,,,,,,,,,,,,,bad_json:Expecting value: line 1 column 1 (char 0)
2026-05-23T21:37:05.680,robot/gripper,g 0.45,,,,,,,,,,,,,,,,bad_json:Expecting value: line 1 column 1 (char 0)
2026-05-23T21:37:05.747,robot/gripper,g 0.45,,,,,,,,,,,,,,,,bad_json:Expecting value: line 1 column 1 (char 0)
2026-05-23T21:37:05.750,robot/gripper,g 0.42,,,,,,,,,,,,,,,,bad_json:Expecting value: line 1 column 1 (char 0)
2026-05-23T21:37:05.806,robot/gripper,g 0.36,,,,,,,,,,,,,,,,bad_json:Expecting value: line 1 column 1 (char 0)
2026-05-23T21:37:05.857,robot/gripper,g 0.3,,,,,,,,,,,,,,,,bad_json:Expecting value: line 1 column 1 (char 0)
2026-05-23T21:37:05.936,robot/gripper,g 0.26,,,,,,,,,,,,,,,,bad_json:Expecting value: line 1 column 1 (char 0)
2026-05-23T21:37:06.022,robot/gripper,g 0.2,,,,,,,,,,,,,,,,bad_json:Expecting value: line 1 column 1 (char 0)
2026-05-23T21:37:06.096,robot/gripper,g 0.15,,,,,,,,,,,,,,,,bad_json:Expecting value: line 1 column 1 (char 0)
2026-05-23T21:37:06.178,robot/gripper,g 0.13,,,,,,,,,,,,,,,,bad_json:Expecting value: line 1 column 1 (char 0)
2026-05-23T21:37:06.265,robot/gripper,g 0.03,,,,,,,,,,,,,,,,bad_json:Expecting value: line 1 column 1 (char 0)
2026-05-23T21:37:06.316,robot/gripper,g 0.03,,,,,,,,,,,,,,,,bad_json:Expecting value: line 1 column 1 (char 0)
2026-05-23T21:37:06.752,robot/gripper,g 0.03,,,,,,,,,,,,,,,,bad_json:Expecting value: line 1 column 1 (char 0)
2026-05-23T21:37:06.756,robot/gripper,g 0.03,,,,,,,,,,,,,,,,bad_json:Expecting value: line 1 column 1 (char 0)
2026-05-23T21:37:06.810,robot/gripper,g 0.05,,,,,,,,,,,,,,,,bad_json:Expecting value: line 1 column 1 (char 0)
2026-05-23T21:37:06.858,robot/gripper,g 0.05,,,,,,,,,,,,,,,,bad_json:Expecting value: line 1 column 1 (char 0)
2026-05-23T21:37:06.918,robot/gripper,g 0.05,,,,,,,,,,,,,,,,bad_json:Expecting value: line 1 column 1 (char 0)
2026-05-23T21:37:07.340,robot/gripper,g 0.08,,,,,,,,,,,,,,,,bad_json:Expecting value: line 1 column 1 (char 0)
2026-05-23T21:37:07.344,robot/gripper,g 0.08,,,,,,,,,,,,,,,,bad_json:Expecting value: line 1 column 1 (char 0)
2026-05-23T21:37:07.385,robot/gripper,g 0.1,,,,,,,,,,,,,,,,bad_json:Expecting value: line 1 column 1 (char 0)
2026-05-23T21:37:07.432,robot/gripper,g 0.1,,,,,,,,,,,,,,,,bad_json:Expecting value: line 1 column 1 (char 0)
2026-05-23T21:37:07.729,robot/gripper,g 0.1,,,,,,,,,,,,,,,,bad_json:Expecting value: line 1 column 1 (char 0)
2026-05-23T21:37:07.731,robot/gripper,g 0.18,,,,,,,,,,,,,,,,bad_json:Expecting value: line 1 column 1 (char 0)
2026-05-23T21:37:07.761,robot/gripper,g 0.24,,,,,,,,,,,,,,,,bad_json:Expecting value: line 1 column 1 (char 0)
2026-05-23T21:37:07.845,robot/gripper,g 0.24,,,,,,,,,,,,,,,,bad_json:Expecting value: line 1 column 1 (char 0)
2026-05-23T21:37:08.030,robot/gripper,g 0.24,,,,,,,,,,,,,,,,bad_json:Expecting value: line 1 column 1 (char 0)
2026-05-23T21:37:08.034,robot/gripper,g 0.24,,,,,,,,,,,,,,,,bad_json:Expecting value: line 1 column 1 (char 0)
2026-05-23T21:37:08.076,robot/gripper,g 0.2,,,,,,,,,,,,,,,,bad_json:Expecting value: line 1 column 1 (char 0)
2026-05-23T21:37:08.130,robot/gripper,g 0.16,,,,,,,,,,,,,,,,bad_json:Expecting value: line 1 column 1 (char 0)
2026-05-23T21:37:08.222,robot/gripper,g 0.1,,,,,,,,,,,,,,,,bad_json:Expecting value: line 1 column 1 (char 0)
2026-05-23T21:37:08.226,robot/gripper,g 0.03,,,,,,,,,,,,,,,,bad_json:Expecting value: line 1 column 1 (char 0)
2026-05-23T21:37:08.315,robot/gripper,g 0.32,,,,,,,,,,,,,,,,bad_json:Expecting value: line 1 column 1 (char 0)
2026-05-23T21:37:08.395,robot/gripper,g 0.53,,,,,,,,,,,,,,,,bad_json:Expecting value: line 1 column 1 (char 0)
2026-05-23T21:37:08.462,robot/gripper,g 0.7,,,,,,,,,,,,,,,,bad_json:Expecting value: line 1 column 1 (char 0)
2026-05-23T21:37:08.534,robot/gripper,g 0.74,,,,,,,,,,,,,,,,bad_json:Expecting value: line 1 column 1 (char 0)
2026-05-23T21:37:08.675,robot/gripper,g 0.65,,,,,,,,,,,,,,,,bad_json:Expecting value: line 1 column 1 (char 0)
2026-05-23T21:37:08.677,robot/gripper,g 0.47,,,,,,,,,,,,,,,,bad_json:Expecting value: line 1 column 1 (char 0)
2026-05-23T21:37:08.741,robot/gripper,g 0.15,,,,,,,,,,,,,,,,bad_json:Expecting value: line 1 column 1 (char 0)
2026-05-23T21:37:08.833,robot/gripper,g 0.03,,,,,,,,,,,,,,,,bad_json:Expecting value: line 1 column 1 (char 0)
2026-05-23T21:37:08.914,robot/gripper,g 0.01,,,,,,,,,,,,,,,,bad_json:Expecting value: line 1 column 1 (char 0)
2026-05-23T21:37:08.986,robot/gripper,g 0.01,,,,,,,,,,,,,,,,bad_json:Expecting value: line 1 column 1 (char 0)
2026-05-23T21:37:09.059,robot/gripper,g 0.26,,,,,,,,,,,,,,,,bad_json:Expecting value: line 1 column 1 (char 0)
2026-05-23T21:37:09.063,robot/gripper,g 0.28,,,,,,,,,,,,,,,,bad_json:Expecting value: line 1 column 1 (char 0)
2026-05-23T21:37:09.362,robot/gripper,g 0.28,,,,,,,,,,,,,,,,bad_json:Expecting value: line 1 column 1 (char 0)
2026-05-23T21:37:09.365,robot/gripper,g 0.24,,,,,,,,,,,,,,,,bad_json:Expecting value: line 1 column 1 (char 0)
2026-05-23T21:37:09.367,robot/gripper,g 0.22,,,,,,,,,,,,,,,,bad_json:Expecting value: line 1 column 1 (char 0)
2026-05-23T21:37:09.452,robot/gripper,g 0.18,,,,,,,,,,,,,,,,bad_json:Expecting value: line 1 column 1 (char 0)
2026-05-23T21:37:09.520,robot/gripper,g 0.16,,,,,,,,,,,,,,,,bad_json:Expecting value: line 1 column 1 (char 0)
2026-05-23T21:37:09.636,robot/gripper,g 0.16,,,,,,,,,,,,,,,,bad_json:Expecting value: line 1 column 1 (char 0)
2026-05-23T21:37:47.740,robot/drive,"{""linear"":0.1,""angular"":-0.08}",,,,,,,,,,,,,0.1,-0.08,,drive_cmd
2026-05-23T21:37:47.798,robot/drive,"{""linear"":0.15,""angular"":-0.08}",,,,,,,,,,,,,0.15,-0.08,,drive_cmd
2026-05-23T21:37:48.056,robot/drive,"{""linear"":1,""angular"":-0.07}",,,,,,,,,,,,,1.0,-0.07,,drive_cmd
2026-05-23T21:37:48.122,robot/drive,"{""linear"":1,""angular"":-0.06}",,,,,,,,,,,,,1.0,-0.06,,drive_cmd
2026-05-23T21:37:48.224,robot/drive,"{""linear"":1,""angular"":-0.02}",,,,,,,,,,,,,1.0,-0.02,,drive_cmd
2026-05-23T21:37:48.284,robot/drive,"{""linear"":1,""angular"":0.01}",,,,,,,,,,,,,1.0,0.01,,drive_cmd
2026-05-23T21:37:48.345,robot/drive,"{""linear"":1,""angular"":0.03}",,,,,,,,,,,,,1.0,0.03,,drive_cmd
2026-05-23T21:37:48.846,robot/drive,"{""linear"":1,""angular"":0.04}",,,,,,,,,,,,,1.0,0.04,,drive_cmd
2026-05-23T21:37:48.953,robot/drive,"{""linear"":1,""angular"":-0.02}",,,,,,,,,,,,,1.0,-0.02,,drive_cmd
2026-05-23T21:37:49.058,robot/drive,"{""linear"":1,""angular"":-0.03}",,,,,,,,,,,,,1.0,-0.03,,drive_cmd
2026-05-23T21:37:49.148,robot/drive,"{""linear"":-1,""angular"":-0.07}",,,,,,,,,,,,,-1.0,-0.07,,drive_cmd
2026-05-23T21:37:49.232,robot/drive,"{""linear"":-1,""angular"":-0.06}",,,,,,,,,,,,,-1.0,-0.06,,drive_cmd
2026-05-23T21:37:49.471,robot/drive,"{""linear"":-1,""angular"":-0.07}",,,,,,,,,,,,,-1.0,-0.07,,drive_cmd
2026-05-23T21:37:49.676,robot/drive,"{""linear"":-0.9,""angular"":-0.08}",,,,,,,,,,,,,-0.9,-0.08,,drive_cmd
2026-05-23T21:37:49.764,robot/drive,"{""linear"":0.05,""angular"":-0.08}",,,,,,,,,,,,,0.05,-0.08,,drive_cmd
2026-05-23T21:37:49.854,robot/drive,"{""linear"":1,""angular"":-0.04}",,,,,,,,,,,,,1.0,-0.04,,drive_cmd
2026-05-23T21:37:50.468,robot/drive,"{""linear"":1,""angular"":-0.03}",,,,,,,,,,,,,1.0,-0.03,,drive_cmd
2026-05-23T21:37:50.538,robot/drive,"{""linear"":1,""angular"":-0.04}",,,,,,,,,,,,,1.0,-0.04,,drive_cmd
2026-05-23T21:37:50.622,robot/drive,"{""linear"":1,""angular"":-0.06}",,,,,,,,,,,,,1.0,-0.06,,drive_cmd
2026-05-23T21:37:51.083,robot/drive,"{""linear"":1,""angular"":-0.05}",,,,,,,,,,,,,1.0,-0.05,,drive_cmd
2026-05-23T21:37:51.809,robot/drive,"{""linear"":0,""angular"":0}",,,,,,,,,,,,,0.0,0.0,,drive_cmd
2026-05-23T21:38:32.365,system,,,,,,,,,,,,,,,,,shutdown
2026-05-23T21:45:14.583,system,,,,,,,,,,,arm_initialized
2026-05-23T21:45:39.113,system,,,,,,,,,,,shutdown
2026-05-23T21:49:37.109,system,,,,,,,,,,,arm_initialized
2026-05-23T21:49:54.327,system,,,,,,,,,,,shutdown
2026-05-23T21:53:51.349,system,,,,,,,,,,,arm_initialized
2026-05-23T21:53:52.033,system,,,,,,,,,,,shutdown
2026-05-23T21:54:45.063,system,,,,,,,,,,,arm_initialized
2026-05-23T21:54:46.099,system,,,,,,,,,,,shutdown
2026-05-24T09:22:21.928,system,,,,,,,,,,,arm_initialized
2026-05-24T09:25:35.228,robot/gripper,g 0.03,,,,,,,,,0.03,gripper_cmd
2026-05-24T09:25:35.230,robot/gripper,g 0.16,,,,,,,,,0.16,gripper_cmd
2026-05-24T09:25:35.233,robot/gripper,g 0.58,,,,,,,,,0.58,gripper_cmd
2026-05-24T09:25:35.235,robot/gripper,g 0.89,,,,,,,,,0.89,gripper_cmd
2026-05-24T09:25:35.237,robot/gripper,g 0.91,,,,,,,,,0.91,gripper_cmd
2026-05-24T09:25:35.239,robot/gripper,g 0.91,,,,,,,,,0.91,gripper_cmd
2026-05-24T09:25:35.240,robot/gripper,g 0.91,,,,,,,,,0.91,gripper_cmd
2026-05-24T09:25:35.242,robot/gripper,g 0.89,,,,,,,,,0.89,gripper_cmd
2026-05-24T09:25:35.243,robot/gripper,g 0.89,,,,,,,,,0.89,gripper_cmd
2026-05-24T09:25:35.245,robot/gripper,g 0.89,,,,,,,,,0.89,gripper_cmd
2026-05-24T09:25:35.246,robot/gripper,g 0.89,,,,,,,,,0.89,gripper_cmd
2026-05-24T09:25:35.249,robot/gripper,g 0.89,,,,,,,,,0.89,gripper_cmd
2026-05-24T09:25:35.251,robot/gripper,g 0.87,,,,,,,,,0.87,gripper_cmd
2026-05-24T09:25:35.253,robot/gripper,g 0.68,,,,,,,,,0.68,gripper_cmd
2026-05-24T09:25:35.255,robot/gripper,g 0.26,,,,,,,,,0.26,gripper_cmd
2026-05-24T09:25:35.256,robot/gripper,g 0.05,,,,,,,,,0.05,gripper_cmd
2026-05-24T09:25:35.258,robot/gripper,g 0.11,,,,,,,,,0.11,gripper_cmd
2026-05-24T09:25:35.259,robot/gripper,g 0.11,,,,,,,,,0.11,gripper_cmd
2026-05-24T09:25:35.260,robot/gripper,g 0.11,,,,,,,,,0.11,gripper_cmd
2026-05-24T09:25:35.262,robot/gripper,g 0.11,,,,,,,,,0.11,gripper_cmd
2026-05-24T09:25:35.463,system,,,,,,,,,,,shutdown
2026-05-24T09:32:57.348,system,,,,,,,,,,,arm_initialized
2026-05-24T09:33:07.461,robot/gripper,g 0.05,,,,,,,,,0.05,gripper_cmd
2026-05-24T09:33:07.749,robot/gripper,g 0.05,,,,,,,,,0.05,gripper_cmd
2026-05-24T09:33:07.751,robot/gripper,g 0.74,,,,,,,,,0.74,gripper_cmd
2026-05-24T09:33:07.953,robot/gripper,g 0.84,,,,,,,,,0.84,gripper_cmd
2026-05-24T09:33:08.567,robot/gripper,g 0.84,,,,,,,,,0.84,gripper_cmd
2026-05-24T09:33:08.569,robot/gripper,g 0.84,,,,,,,,,0.84,gripper_cmd
2026-05-24T09:33:08.893,robot/gripper,g 0.84,,,,,,,,,0.84,gripper_cmd
2026-05-24T09:33:08.895,robot/gripper,g 0.84,,,,,,,,,0.84,gripper_cmd
2026-05-24T09:33:08.956,robot/gripper,g 0.78,,,,,,,,,0.78,gripper_cmd
2026-05-24T09:33:09.071,robot/gripper,g 0.78,,,,,,,,,0.78,gripper_cmd
2026-05-24T09:33:09.554,robot/gripper,g 0.76,,,,,,,,,0.76,gripper_cmd
2026-05-24T09:33:09.556,robot/gripper,g 0.76,,,,,,,,,0.76,gripper_cmd
2026-05-24T09:33:09.616,robot/gripper,g 0.55,,,,,,,,,0.55,gripper_cmd
2026-05-24T09:33:09.737,robot/gripper,g 0.45,,,,,,,,,0.45,gripper_cmd
2026-05-24T09:33:09.738,robot/gripper,g 0.42,,,,,,,,,0.42,gripper_cmd
2026-05-24T09:33:09.843,robot/gripper,g 0.38,,,,,,,,,0.38,gripper_cmd
2026-05-24T09:33:09.844,robot/gripper,g 0.28,,,,,,,,,0.28,gripper_cmd
2026-05-24T09:33:09.952,robot/gripper,g 0.17,,,,,,,,,0.17,gripper_cmd
2026-05-24T09:33:10.019,robot/gripper,g 0.15,,,,,,,,,0.15,gripper_cmd
2026-05-24T09:33:10.096,robot/gripper,g 0.03,,,,,,,,,0.03,gripper_cmd
2026-05-24T09:33:10.164,robot/gripper,g 0.24,,,,,,,,,0.24,gripper_cmd
2026-05-24T09:33:10.357,robot/gripper,g 0.24,,,,,,,,,0.24,gripper_cmd
2026-05-24T09:33:10.358,robot/gripper,g 0.24,,,,,,,,,0.24,gripper_cmd
2026-05-24T09:33:10.360,robot/gripper,g 0.37,,,,,,,,,0.37,gripper_cmd
2026-05-24T09:33:10.362,robot/gripper,g 0.43,,,,,,,,,0.43,gripper_cmd
2026-05-24T09:33:10.576,robot/gripper,g 0.43,,,,,,,,,0.43,gripper_cmd
2026-05-24T09:33:10.578,robot/gripper,g 0.49,,,,,,,,,0.49,gripper_cmd
2026-05-24T09:33:10.580,robot/gripper,g 0.78,,,,,,,,,0.78,gripper_cmd
2026-05-24T09:33:10.690,robot/gripper,g 0.87,,,,,,,,,0.87,gripper_cmd
2026-05-24T09:33:10.692,robot/gripper,g 0.87,,,,,,,,,0.87,gripper_cmd
2026-05-24T09:33:11.039,robot/gripper,g 0.87,,,,,,,,,0.87,gripper_cmd
2026-05-24T09:33:11.042,robot/gripper,g 0.85,,,,,,,,,0.85,gripper_cmd
2026-05-24T09:33:11.043,robot/gripper,g 0.85,,,,,,,,,0.85,gripper_cmd
2026-05-24T09:33:11.344,robot/gripper,g 0.85,,,,,,,,,0.85,gripper_cmd
2026-05-24T09:33:11.652,robot/gripper,g 0.85,,,,,,,,,0.85,gripper_cmd
2026-05-24T09:33:11.653,robot/gripper,g 0.83,,,,,,,,,0.83,gripper_cmd
2026-05-24T09:33:11.655,robot/gripper,g 0.83,,,,,,,,,0.83,gripper_cmd
2026-05-24T09:33:11.959,robot/gripper,g 0.83,,,,,,,,,0.83,gripper_cmd
2026-05-24T09:33:11.961,robot/gripper,g 0.8,,,,,,,,,0.8,gripper_cmd
2026-05-24T09:33:11.963,robot/gripper,g 0.8,,,,,,,,,0.8,gripper_cmd
2026-05-24T09:33:11.965,robot/gripper,g 0.8,,,,,,,,,0.8,gripper_cmd
2026-05-24T09:33:12.589,robot/gripper,g 0.8,,,,,,,,,0.8,gripper_cmd
2026-05-24T09:33:12.591,robot/gripper,g 0.74,,,,,,,,,0.74,gripper_cmd
2026-05-24T09:33:12.593,robot/gripper,g 0.14,,,,,,,,,0.14,gripper_cmd
2026-05-24T09:33:12.594,robot/gripper,g 0.61,,,,,,,,,0.61,gripper_cmd
2026-05-24T09:33:12.861,robot/gripper,g 0.99,,,,,,,,,0.99,gripper_cmd
2026-05-24T09:33:12.862,robot/gripper,g 1,,,,,,,,,1.0,gripper_cmd
2026-05-24T09:33:12.864,robot/gripper,g 1,,,,,,,,,1.0,gripper_cmd
2026-05-24T09:33:13.003,robot/gripper,g 1,,,,,,,,,1.0,gripper_cmd
2026-05-24T09:33:13.005,robot/gripper,g 1,,,,,,,,,1.0,gripper_cmd
2026-05-24T09:33:13.071,robot/gripper,g 1,,,,,,,,,1.0,gripper_cmd
2026-05-24T09:33:13.227,robot/gripper,g 1,,,,,,,,,1.0,gripper_cmd
2026-05-24T09:33:13.229,robot/gripper,g 1,,,,,,,,,1.0,gripper_cmd
2026-05-24T09:33:13.332,robot/gripper,g 1,,,,,,,,,1.0,gripper_cmd
2026-05-24T09:33:13.335,robot/gripper,g 1,,,,,,,,,1.0,gripper_cmd
2026-05-24T09:33:13.733,robot/gripper,g 1,,,,,,,,,1.0,gripper_cmd
2026-05-24T09:33:13.735,robot/gripper,g 1,,,,,,,,,1.0,gripper_cmd
2026-05-24T09:33:13.822,robot/gripper,g 1,,,,,,,,,1.0,gripper_cmd
2026-05-24T09:33:13.951,robot/gripper,g 0.83,,,,,,,,,0.83,gripper_cmd
2026-05-24T09:33:14.076,robot/gripper,g 1,,,,,,,,,1.0,gripper_cmd
2026-05-24T09:33:14.218,robot/gripper,g 1,,,,,,,,,1.0,gripper_cmd
2026-05-24T09:33:14.220,robot/gripper,g 1,,,,,,,,,1.0,gripper_cmd
2026-05-24T09:33:14.307,robot/gripper,g 1,,,,,,,,,1.0,gripper_cmd
2026-05-24T09:33:14.435,robot/gripper,g 1,,,,,,,,,1.0,gripper_cmd
2026-05-24T09:33:14.437,robot/gripper,g 1,,,,,,,,,1.0,gripper_cmd
2026-05-24T09:33:14.521,robot/gripper,g 1,,,,,,,,,1.0,gripper_cmd
2026-05-24T09:33:14.658,robot/gripper,g 1,,,,,,,,,1.0,gripper_cmd
2026-05-24T09:33:14.942,robot/gripper,g 1,,,,,,,,,1.0,gripper_cmd
2026-05-24T09:33:14.944,robot/gripper,g 1,,,,,,,,,1.0,gripper_cmd
2026-05-24T09:33:15.027,robot/gripper,g 0.99,,,,,,,,,0.99,gripper_cmd
2026-05-24T09:33:15.152,robot/gripper,g 0.33,,,,,,,,,0.33,gripper_cmd
2026-05-24T09:33:15.238,robot/gripper,g 0.3,,,,,,,,,0.3,gripper_cmd
2026-05-24T09:33:15.447,robot/gripper,g 0.3,,,,,,,,,0.3,gripper_cmd
2026-05-24T09:33:15.449,robot/gripper,g 0.33,,,,,,,,,0.33,gripper_cmd
2026-05-24T09:33:15.605,robot/gripper,g 0.33,,,,,,,,,0.33,gripper_cmd
2026-05-24T09:35:09.952,system,,,,,,,,,,,shutdown
2026-05-24T09:51:33.501,robot/gripper,g 0.01,,,,,,,,,0.01,gripper_cmd
2026-05-24T09:51:33.504,robot/gripper,g 0.47,,,,,,,,,0.47,gripper_cmd
2026-05-24T09:51:33.576,robot/gripper,g 0.7,,,,,,,,,0.7,gripper_cmd
2026-05-24T09:51:33.709,robot/gripper,g 0.74,,,,,,,,,0.74,gripper_cmd
2026-05-24T09:51:33.888,robot/gripper,g 0.76,,,,,,,,,0.76,gripper_cmd
2026-05-24T09:51:33.989,robot/gripper,g 0.76,,,,,,,,,0.76,gripper_cmd
2026-05-24T09:51:34.106,robot/gripper,g 0.76,,,,,,,,,0.76,gripper_cmd
2026-05-24T09:51:34.958,robot/gripper,g 0.76,,,,,,,,,0.76,gripper_cmd
2026-05-24T09:51:34.960,robot/gripper,g 0.74,,,,,,,,,0.74,gripper_cmd
2026-05-24T09:51:35.021,robot/gripper,g 0.55,,,,,,,,,0.55,gripper_cmd
2026-05-24T09:51:35.099,robot/gripper,g 0.22,,,,,,,,,0.22,gripper_cmd
2026-05-24T09:51:35.218,robot/gripper,g 0.18,,,,,,,,,0.18,gripper_cmd
2026-05-24T09:51:35.354,robot/gripper,g 0.62,,,,,,,,,0.62,gripper_cmd
2026-05-24T09:51:35.444,robot/gripper,g 0.64,,,,,,,,,0.64,gripper_cmd
2026-05-24T09:51:35.948,robot/gripper,g 0.64,,,,,,,,,0.64,gripper_cmd
2026-05-24T09:51:35.950,robot/gripper,g 0.64,,,,,,,,,0.64,gripper_cmd
2026-05-24T09:51:36.018,robot/gripper,g 0.68,,,,,,,,,0.68,gripper_cmd
2026-05-24T09:51:36.306,robot/gripper,g 0.68,,,,,,,,,0.68,gripper_cmd
2026-05-24T09:51:36.309,robot/gripper,g 0.74,,,,,,,,,0.74,gripper_cmd
2026-05-24T09:51:36.383,robot/gripper,g 1,,,,,,,,,1.0,gripper_cmd
2026-05-24T09:51:36.501,robot/gripper,g 1,,,,,,,,,1.0,gripper_cmd
2026-05-24T09:51:36.502,robot/gripper,g 1,,,,,,,,,1.0,gripper_cmd
2026-05-24T09:51:36.559,robot/gripper,g 1,,,,,,,,,1.0,gripper_cmd
2026-05-24T09:51:36.623,robot/gripper,g 1,,,,,,,,,1.0,gripper_cmd
2026-05-24T09:51:36.681,robot/gripper,g 1,,,,,,,,,1.0,gripper_cmd
2026-05-24T09:51:36.901,robot/gripper,g 1,,,,,,,,,1.0,gripper_cmd
2026-05-24T09:51:36.903,robot/gripper,g 1,,,,,,,,,1.0,gripper_cmd
2026-05-24T09:51:36.974,robot/gripper,g 1,,,,,,,,,1.0,gripper_cmd
2026-05-24T09:51:37.041,robot/gripper,g 1,,,,,,,,,1.0,gripper_cmd
2026-05-24T09:51:37.158,robot/gripper,g 1,,,,,,,,,1.0,gripper_cmd
2026-05-24T09:51:37.206,robot/gripper,g 1,,,,,,,,,1.0,gripper_cmd
2026-05-24T09:51:37.275,robot/gripper,g 1,,,,,,,,,1.0,gripper_cmd
2026-05-24T09:51:37.277,robot/gripper,g 1,,,,,,,,,1.0,gripper_cmd
2026-05-24T09:51:37.399,robot/gripper,g 1,,,,,,,,,1.0,gripper_cmd
2026-05-24T09:51:37.400,robot/gripper,g 0.97,,,,,,,,,0.97,gripper_cmd
2026-05-24T09:51:37.461,robot/gripper,g 0.89,,,,,,,,,0.89,gripper_cmd
2026-05-24T09:51:37.580,robot/gripper,g 0.83,,,,,,,,,0.83,gripper_cmd
2026-05-24T09:51:37.582,robot/gripper,g 0.78,,,,,,,,,0.78,gripper_cmd
2026-05-24T09:51:37.710,robot/gripper,g 0.53,,,,,,,,,0.53,gripper_cmd
2026-05-24T09:51:37.805,robot/gripper,g 0.11,,,,,,,,,0.11,gripper_cmd
2026-05-24T09:51:37.893,robot/gripper,g 0.34,,,,,,,,,0.34,gripper_cmd
2026-05-24T09:51:37.989,robot/gripper,g 0.42,,,,,,,,,0.42,gripper_cmd
2026-05-24T09:51:38.078,robot/gripper,g 0.45,,,,,,,,,0.45,gripper_cmd
2026-05-24T09:51:38.172,robot/gripper,g 0.57,,,,,,,,,0.57,gripper_cmd
2026-05-24T09:51:38.262,robot/gripper,g 0.76,,,,,,,,,0.76,gripper_cmd
2026-05-24T09:51:38.349,robot/gripper,g 0.82,,,,,,,,,0.82,gripper_cmd
2026-05-24T09:51:38.576,robot/gripper,g 0.8,,,,,,,,,0.8,gripper_cmd
2026-05-24T09:52:16.898,system,,,,,,,,,,,disconnect_rcNormal disconnection
2026-05-24T09:52:20.695,system,,,,,,,,,,,shutdown
2026-05-24T09:59:02.848,robot/gripper,g 0.01,,,,,,,,,0.01,gripper_cmd
2026-05-24T09:59:02.850,robot/gripper,g 0.15,,,,,,,,,0.15,gripper_cmd
2026-05-24T09:59:02.890,robot/gripper,g 0.45,,,,,,,,,0.45,gripper_cmd
2026-05-24T09:59:02.966,robot/gripper,g 0.55,,,,,,,,,0.55,gripper_cmd
2026-05-24T09:59:03.010,robot/gripper,g 0.61,,,,,,,,,0.61,gripper_cmd
2026-05-24T09:59:03.067,robot/gripper,g 0.63,,,,,,,,,0.63,gripper_cmd
2026-05-24T09:59:03.126,robot/gripper,g 0.7,,,,,,,,,0.7,gripper_cmd
2026-05-24T09:59:03.185,robot/gripper,g 0.7,,,,,,,,,0.7,gripper_cmd
2026-05-24T09:59:03.247,robot/gripper,g 0.7,,,,,,,,,0.7,gripper_cmd
2026-05-24T09:59:03.443,robot/gripper,g 0.7,,,,,,,,,0.7,gripper_cmd
2026-05-24T09:59:03.445,robot/gripper,g 0.7,,,,,,,,,0.7,gripper_cmd
2026-05-24T09:59:03.501,robot/gripper,g 0.61,,,,,,,,,0.61,gripper_cmd
2026-05-24T09:59:03.666,robot/gripper,g 0.49,,,,,,,,,0.49,gripper_cmd
2026-05-24T09:59:03.668,robot/gripper,g 0.34,,,,,,,,,0.34,gripper_cmd
2026-05-24T09:59:03.713,robot/gripper,g 0.15,,,,,,,,,0.15,gripper_cmd
2026-05-24T09:59:03.715,robot/gripper,g 0.07,,,,,,,,,0.07,gripper_cmd
2026-05-24T09:59:03.755,robot/gripper,g 0.05,,,,,,,,,0.05,gripper_cmd
2026-05-24T09:59:36.022,system,,,,,,,,,,,disconnect_rcNormal disconnection
2026-05-24T09:59:39.781,system,,,,,,,,,,,shutdown
2026-05-24T11:38:37.040,robot/arm,b 67.00,,,,,,,,,,bad_json:Expecting value: line 1 column 1 (char 0)
2026-05-24T11:38:45.610,robot/gripper,g 0.11,,,,,,,,,0.11,gripper_cmd
2026-05-24T11:38:45.612,robot/gripper,g 0.3,,,,,,,,,0.3,gripper_cmd
2026-05-24T11:38:45.685,robot/gripper,g 0.61,,,,,,,,,0.61,gripper_cmd
2026-05-24T11:38:45.873,robot/gripper,g 0.84,,,,,,,,,0.84,gripper_cmd
2026-05-24T11:38:46.010,robot/gripper,g 0.86,,,,,,,,,0.86,gripper_cmd
2026-05-24T11:38:46.711,robot/gripper,g 0.86,,,,,,,,,0.86,gripper_cmd
2026-05-24T11:38:46.713,robot/gripper,g 0.84,,,,,,,,,0.84,gripper_cmd
2026-05-24T11:38:46.778,robot/gripper,g 0.84,,,,,,,,,0.84,gripper_cmd
2026-05-24T11:38:56.861,system,,,,,,,,,,,disconnect_rcNormal disconnection
2026-05-24T11:39:00.641,system,,,,,,,,,,,shutdown
2026-05-24T12:01:39.761,robot/arm,b 95.00,,,,,,,,,,bad_json:Expecting value: line 1 column 1 (char 0)
2026-05-24T12:01:40.066,robot/arm,b 89.00,,,,,,,,,,bad_json:Expecting value: line 1 column 1 (char 0)
2026-05-24T12:01:40.178,robot/arm,b 86.00,,,,,,,,,,bad_json:Expecting value: line 1 column 1 (char 0)
2026-05-24T12:01:40.179,robot/arm,b 82.00,,,,,,,,,,bad_json:Expecting value: line 1 column 1 (char 0)
2026-05-24T12:01:40.248,robot/arm,b 79.00,,,,,,,,,,bad_json:Expecting value: line 1 column 1 (char 0)
2026-05-24T12:01:40.335,robot/arm,b 78.00,,,,,,,,,,bad_json:Expecting value: line 1 column 1 (char 0)
2026-05-24T12:01:40.485,robot/arm,b 73.00,,,,,,,,,,bad_json:Expecting value: line 1 column 1 (char 0)
2026-05-24T12:01:41.524,robot/arm,b 71.00,,,,,,,,,,bad_json:Expecting value: line 1 column 1 (char 0)
2026-05-24T12:01:41.525,robot/arm,b 68.00,,,,,,,,,,bad_json:Expecting value: line 1 column 1 (char 0)
2026-05-24T12:01:41.602,robot/arm,b 64.00,,,,,,,,,,bad_json:Expecting value: line 1 column 1 (char 0)
2026-05-24T12:01:41.736,robot/arm,b 60.00,,,,,,,,,,bad_json:Expecting value: line 1 column 1 (char 0)
2026-05-24T12:01:42.797,robot/arm,b 61.00,,,,,,,,,,bad_json:Expecting value: line 1 column 1 (char 0)
2026-05-24T12:01:42.799,robot/arm,b 85.00,,,,,,,,,,bad_json:Expecting value: line 1 column 1 (char 0)
2026-05-24T12:01:42.931,robot/arm,b 92.00,,,,,,,,,,bad_json:Expecting value: line 1 column 1 (char 0)
2026-05-24T12:01:43.080,robot/arm,b 124.00,,,,,,,,,,bad_json:Expecting value: line 1 column 1 (char 0)
2026-05-24T12:01:43.322,robot/arm,b 176.00,,,,,,,,,,bad_json:Expecting value: line 1 column 1 (char 0)
2026-05-24T12:01:43.521,robot/arm,b 180.00,,,,,,,,,,bad_json:Expecting value: line 1 column 1 (char 0)
2026-05-24T12:01:45.555,robot/arm,e 135.00,,,,,,,,,,bad_json:Expecting value: line 1 column 1 (char 0)
2026-05-24T12:01:47.309,robot/arm,s 59.00,,,,,,,,,,bad_json:Expecting value: line 1 column 1 (char 0)
2026-05-24T12:01:51.508,robot/gripper,g 0.05,,,,,,,,,0.05,gripper_cmd
2026-05-24T12:01:51.737,robot/gripper,g 0.05,,,,,,,,,0.05,gripper_cmd
2026-05-24T12:01:51.740,robot/gripper,g 0.09,,,,,,,,,0.09,gripper_cmd
2026-05-24T12:01:51.782,robot/gripper,g 0.17,,,,,,,,,0.17,gripper_cmd
2026-05-24T12:01:51.919,robot/gripper,g 0.22,,,,,,,,,0.22,gripper_cmd
2026-05-24T12:01:51.922,robot/gripper,g 0.26,,,,,,,,,0.26,gripper_cmd
2026-05-24T12:01:51.948,robot/gripper,g 0.26,,,,,,,,,0.26,gripper_cmd
2026-05-24T12:01:52.074,robot/gripper,g 0.34,,,,,,,,,0.34,gripper_cmd
2026-05-24T12:01:52.076,robot/gripper,g 0.49,,,,,,,,,0.49,gripper_cmd
2026-05-24T12:01:52.077,robot/gripper,g 0.51,,,,,,,,,0.51,gripper_cmd
2026-05-24T12:01:52.230,robot/gripper,g 0.51,,,,,,,,,0.51,gripper_cmd
2026-05-24T12:01:52.399,robot/gripper,g 0.51,,,,,,,,,0.51,gripper_cmd
2026-05-24T12:01:52.401,robot/gripper,g 0.51,,,,,,,,,0.51,gripper_cmd
2026-05-24T12:01:52.403,robot/gripper,g 0.55,,,,,,,,,0.55,gripper_cmd
2026-05-24T12:01:52.405,robot/gripper,g 0.65,,,,,,,,,0.65,gripper_cmd
2026-05-24T12:01:52.701,robot/gripper,g 0.7,,,,,,,,,0.7,gripper_cmd
2026-05-24T12:01:52.703,robot/gripper,g 0.74,,,,,,,,,0.74,gripper_cmd
2026-05-24T12:01:52.705,robot/gripper,g 0.78,,,,,,,,,0.78,gripper_cmd
2026-05-24T12:01:52.707,robot/gripper,g 0.95,,,,,,,,,0.95,gripper_cmd
2026-05-24T12:01:52.709,robot/gripper,g 0.99,,,,,,,,,0.99,gripper_cmd
2026-05-24T12:01:53.012,robot/gripper,g 0.97,,,,,,,,,0.97,gripper_cmd
2026-05-24T12:01:53.014,robot/gripper,g 0.97,,,,,,,,,0.97,gripper_cmd
2026-05-24T12:01:53.317,robot/gripper,g 0.97,,,,,,,,,0.97,gripper_cmd
2026-05-24T12:01:53.319,robot/gripper,g 0.97,,,,,,,,,0.97,gripper_cmd
2026-05-24T12:01:53.321,robot/gripper,g 0.95,,,,,,,,,0.95,gripper_cmd
2026-05-24T12:01:53.323,robot/gripper,g 0.88,,,,,,,,,0.88,gripper_cmd
2026-05-24T12:01:53.345,robot/gripper,g 0.78,,,,,,,,,0.78,gripper_cmd
2026-05-24T12:01:53.347,robot/gripper,g 0.45,,,,,,,,,0.45,gripper_cmd
2026-05-24T12:01:53.625,robot/gripper,g 0.09,,,,,,,,,0.09,gripper_cmd
2026-05-24T12:01:53.629,robot/gripper,g 0.2,,,,,,,,,0.2,gripper_cmd
2026-05-24T12:01:53.632,robot/gripper,g 0.39,,,,,,,,,0.39,gripper_cmd
2026-05-24T12:01:53.931,robot/gripper,g 0.39,,,,,,,,,0.39,gripper_cmd
2026-05-24T12:01:53.933,robot/gripper,g 0.39,,,,,,,,,0.39,gripper_cmd
2026-05-24T12:01:53.935,robot/gripper,g 0.39,,,,,,,,,0.39,gripper_cmd
2026-05-24T12:01:53.937,robot/gripper,g 0.39,,,,,,,,,0.39,gripper_cmd
2026-05-24T12:01:53.942,robot/gripper,g 0.39,,,,,,,,,0.39,gripper_cmd
2026-05-24T12:01:53.944,robot/gripper,g 0.37,,,,,,,,,0.37,gripper_cmd
2026-05-24T12:01:54.229,robot/gripper,g 0.35,,,,,,,,,0.35,gripper_cmd
2026-05-24T12:01:54.232,robot/gripper,g 0.35,,,,,,,,,0.35,gripper_cmd
2026-05-24T12:02:15.730,system,,,,,,,,,,,disconnect_rcNormal disconnection
2026-05-24T12:02:19.470,system,,,,,,,,,,,shutdown
2026-05-24T12:11:54.501,robot/gripper,g 0.13,,,,,,,,,0.13,gripper_cmd
2026-05-24T12:11:54.809,robot/gripper,g 0.36,,,,,,,,,0.36,gripper_cmd
2026-05-24T12:11:54.811,robot/gripper,g 0.63,,,,,,,,,0.63,gripper_cmd
2026-05-24T12:11:54.812,robot/gripper,g 0.65,,,,,,,,,0.65,gripper_cmd
2026-05-24T12:12:07.094,robot/arm,e 32.00,,,,,,,,,,bad_json:Expecting value: line 1 column 1 (char 0)
2026-05-24T12:12:11.127,system,,,,,,,,,,,disconnect_rcNormal disconnection
2026-05-24T12:12:14.866,system,,,,,,,,,,,shutdown
2026-05-24T12:17:34.706,robot/arm,s 138.00,,,,,,,,,,bad_json:Expecting value: line 1 column 1 (char 0)
2026-05-24T12:17:37.478,robot/arm,s 39.00,,,,,,,,,,bad_json:Expecting value: line 1 column 1 (char 0)
2026-05-24T12:17:38.628,robot/arm,b 114.00,,,,,,,,,,bad_json:Expecting value: line 1 column 1 (char 0)
2026-05-24T12:17:40.374,robot/arm,w 30.00,,,,,,,,,,bad_json:Expecting value: line 1 column 1 (char 0)
2026-05-24T12:17:41.259,robot/arm,e 32.00,,,,,,,,,,bad_json:Expecting value: line 1 column 1 (char 0)
2026-05-24T12:17:43.905,robot/gripper,g 0.1,,,,,,,,,0.1,gripper_cmd
2026-05-24T12:17:43.907,robot/gripper,g 0.01,,,,,,,,,0.01,gripper_cmd
2026-05-24T12:17:43.944,robot/gripper,g 0.22,,,,,,,,,0.22,gripper_cmd
2026-05-24T12:17:43.991,robot/gripper,g 0.42,,,,,,,,,0.42,gripper_cmd
2026-05-24T12:17:44.081,robot/gripper,g 0.49,,,,,,,,,0.49,gripper_cmd
2026-05-24T12:17:44.137,robot/gripper,g 0.51,,,,,,,,,0.51,gripper_cmd
2026-05-24T12:17:49.179,system,,,,,,,,,,,disconnect_rcNormal disconnection
2026-05-24T12:17:52.924,system,,,,,,,,,,,shutdown
2026-05-24T12:20:35.080,robot/arm,b 60.00,1.0472,0.52327,-0.52288,-0.03655,0.12324,-0.15434,,,,arm_text_b
2026-05-24T12:20:36.085,feedback,,0.16712,0.52327,-0.52288,-0.03655,0.12324,-0.15434,,,,actual_joints
2026-05-24T12:20:38.957,robot/arm,s 139.00,0.16712,2.42601,-0.52288,-0.03655,0.12324,-0.15434,,,,arm_text_s
2026-05-24T12:20:39.962,feedback,,0.49477,1.09855,-0.52288,-0.03655,0.12196,-0.15434,,,,actual_joints
2026-05-24T12:20:40.003,robot/arm,s 52.00,0.49477,0.90757,-0.52288,-0.03655,0.12196,-0.15434,,,,arm_text_s
2026-05-24T12:20:40.006,robot/arm,s 50.00,0.49477,0.87266,-0.52288,-0.03655,0.12196,-0.15434,,,,arm_text_s
2026-05-24T12:20:41.008,feedback,,0.49389,0.90841,-0.52288,-0.03655,0.12196,-0.15434,,,,actual_joints
2026-05-24T12:20:42.013,feedback,,0.49389,0.8731,-0.52288,-0.03655,0.12147,-0.15434,,,,actual_joints
2026-05-24T12:20:50.388,robot/arm,s 115.00,0.49389,2.00713,-0.52288,-0.03655,0.12147,-0.15434,,,,arm_text_s
2026-05-24T12:20:51.392,feedback,,0.49389,1.42754,-0.52288,-0.03655,0.11968,-0.15434,,,,actual_joints
2026-05-24T12:20:52.979,robot/arm,s 39.00,0.49389,0.68068,-0.52288,-0.03655,0.11968,-0.15434,,,,arm_text_s
2026-05-24T12:20:53.993,feedback,,0.49389,1.78088,-0.53098,-0.03339,0.01918,-0.15251,,,,actual_joints
2026-05-24T12:20:54.736,robot/arm,b 114.00,1.98968,1.78088,-0.53098,-0.03339,0.01918,-0.15251,,,,arm_text_b
2026-05-24T12:20:55.749,feedback,,0.49389,1.78088,-0.53098,-0.03339,0.01918,-0.15251,,,,actual_joints
2026-05-24T12:20:55.750,robot/arm,b 37.00,0.64577,1.78088,-0.53098,-0.03339,0.01918,-0.15251,,,,arm_text_b
2026-05-24T12:20:56.754,feedback,,0.49389,1.78088,-0.53098,-0.03339,0.01918,-0.15251,,,,actual_joints
2026-05-24T12:20:58.191,robot/arm,w 43.00,0.49389,1.78088,-0.53098,-0.03339,0.75049,-0.15251,,,,arm_text_w
2026-05-24T12:20:59.754,robot/arm,e 46.00,0.49389,1.78088,0.0,-0.03339,0.01918,-0.15251,,,,arm_text_e
2026-05-24T12:21:05.782,system,,,,,,,,,,,disconnect_rcNormal disconnection
2026-05-24T12:21:36.445,robot/arm,b 49.00,0.85521,0.52398,-0.52276,-0.09831,0.1615,-0.13181,,,,arm_text_b
2026-05-24T12:21:37.449,feedback,,0.79303,0.52398,-0.52276,-0.09831,0.1615,-0.13181,,,,actual_joints
2026-05-24T12:21:38.182,robot/arm,b 118.00,2.05949,0.52398,-0.52276,-0.09831,0.1615,-0.13181,,,,arm_text_b
2026-05-24T12:21:39.186,feedback,,1.40864,0.52398,-0.52276,-0.09831,0.1615,-0.13181,,,,actual_joints
2026-05-24T12:21:40.307,robot/arm,s 38.00,1.40864,0.66323,-0.52276,-0.09831,0.1615,-0.13181,,,,arm_text_s
2026-05-24T12:21:41.312,feedback,,1.51804,0.66333,-0.52276,-0.09831,0.1615,-0.13181,,,,actual_joints
2026-05-24T12:21:42.365,robot/arm,s 86.00,1.51804,1.50098,-0.52276,-0.09831,0.1615,-0.13181,,,,arm_text_s
2026-05-24T12:21:43.369,robot/arm,s 60.00,1.51804,1.0472,-0.52276,-0.09831,0.1615,-0.13181,,,,arm_text_s
2026-05-24T12:21:43.369,feedback,,1.51723,1.22011,-0.52355,-0.09831,0.1615,-0.13181,,,,actual_joints
2026-05-24T12:21:44.374,feedback,,1.51723,1.04725,-0.52225,-0.09831,0.1615,-0.13181,,,,actual_joints
2026-05-24T12:21:46.085,robot/arm,e 48.00,1.51723,1.04725,0.0,-0.09831,0.1615,-0.13181,,,,arm_text_e
2026-05-24T12:21:46.956,robot/arm,e 110.00,1.51723,1.04725,0.0,-0.09831,0.1615,-0.13181,,,,arm_text_e
2026-05-24T12:21:47.089,feedback,,1.51723,1.04577,-0.00459,-0.09831,0.14287,-0.13181,,,,actual_joints
2026-05-24T12:21:48.031,robot/arm,e 140.00,1.51723,1.04577,0.0,-0.09831,0.14287,-0.13181,,,,arm_text_e
2026-05-24T12:21:48.093,feedback,,1.51723,1.04577,0.0,-0.09831,0.16024,-0.13181,,,,actual_joints
2026-05-24T12:21:49.100,feedback,,1.51723,1.04577,-0.0001,-0.09831,0.14373,-0.13181,,,,actual_joints
2026-05-24T12:21:49.334,robot/arm,e 139.00,1.51723,1.04577,0.0,-0.09831,0.14373,-0.13181,,,,arm_text_e
2026-05-24T12:21:49.593,robot/arm,e 140.00,1.51723,1.04577,0.0,-0.09831,0.14373,-0.13181,,,,arm_text_e
2026-05-24T12:21:49.595,robot/arm,e 161.00,1.51723,1.04577,0.0,-0.09831,0.14373,-0.13181,,,,arm_text_e
2026-05-24T12:21:49.670,robot/arm,e 180.00,1.51723,1.04577,0.0,-0.09831,0.14373,-0.13181,,,,arm_text_e
2026-05-24T12:21:50.338,feedback,,1.51723,1.04577,0.0,-0.09831,0.14373,-0.13181,,,,actual_joints
2026-05-24T12:21:51.343,feedback,,1.51723,1.04577,0.0,-0.09831,0.14373,-0.13181,,,,actual_joints
2026-05-24T12:21:52.347,feedback,,1.51723,1.04577,0.0,-0.09831,0.14373,-0.13181,,,,actual_joints
2026-05-24T12:21:52.751,robot/arm,w 43.00,1.51723,1.04577,0.0,-0.09831,0.75049,-0.13181,,,,arm_text_w
2026-05-24T12:21:53.352,feedback,,1.51723,1.04577,0.0,-0.09831,0.14373,-0.13181,,,,actual_joints
2026-05-24T12:21:54.356,feedback,,1.51723,1.04498,-0.00199,-0.09831,0.25183,-0.13181,,,,actual_joints
2026-05-24T12:21:56.910,robot/arm,g 39.00,,,,,,,,,,bad_text_arm_cmd
2026-05-24T12:21:58.742,robot/arm,g 37.00,,,,,,,,,,bad_text_arm_cmd
2026-05-24T12:21:58.744,robot/arm,g 23.00,,,,,,,,,,bad_text_arm_cmd
2026-05-24T12:21:58.821,robot/arm,g 20.00,,,,,,,,,,bad_text_arm_cmd
2026-05-24T12:21:58.905,robot/arm,g 13.00,,,,,,,,,,bad_text_arm_cmd
2026-05-24T12:21:59.127,robot/arm,g 14.00,,,,,,,,,,bad_text_arm_cmd
2026-05-24T12:21:59.129,robot/arm,g 26.00,,,,,,,,,,bad_text_arm_cmd
2026-05-24T12:21:59.192,robot/arm,g 51.00,,,,,,,,,,bad_text_arm_cmd
2026-05-24T12:21:59.316,robot/arm,g 61.00,,,,,,,,,,bad_text_arm_cmd
2026-05-24T12:21:59.384,robot/arm,g 63.00,,,,,,,,,,bad_text_arm_cmd
2026-05-24T12:21:59.572,robot/arm,g 55.00,,,,,,,,,,bad_text_arm_cmd
2026-05-24T12:21:59.574,robot/arm,g 35.00,,,,,,,,,,bad_text_arm_cmd
2026-05-24T12:21:59.633,robot/arm,g 26.00,,,,,,,,,,bad_text_arm_cmd
2026-05-24T12:21:59.760,robot/arm,g 24.00,,,,,,,,,,bad_text_arm_cmd
2026-05-24T12:22:01.633,robot/arm,w 42.00,1.51723,1.04498,-0.00199,-0.09831,0.73304,-0.13181,,,,arm_text_w
2026-05-24T12:22:02.637,feedback,,1.51723,1.04669,0.0,-0.09948,-0.04377,-0.13331,,,,actual_joints
2026-05-24T12:22:05.594,robot/arm,e 104.00,1.51723,1.04669,0.0,-0.09948,-0.04377,-0.13331,,,,arm_text_e
2026-05-24T12:22:06.598,feedback,,1.51723,1.04669,0.0,-0.09948,-0.04377,-0.13219,,,,actual_joints
2026-05-24T12:22:08.862,robot/arm,s 92.00,1.51723,1.6057,0.0,-0.09948,-0.04377,-0.13219,,,,arm_text_s
2026-05-24T12:22:09.875,feedback,,1.51723,1.04669,0.0,-0.09948,-0.04377,-0.13219,,,,actual_joints
2026-05-24T12:22:10.226,robot/arm,b 60.00,1.0472,1.04669,0.0,-0.09948,-0.04377,-0.13219,,,,arm_text_b
2026-05-24T12:22:11.230,feedback,,1.51723,1.04669,0.0,-0.09948,-0.04377,-0.13219,,,,actual_joints
2026-05-24T12:22:25.370,system,,,,,,,,,,,disconnect_rcNormal disconnection
2026-05-24T12:22:29.112,system,,,,,,,,,,,shutdown
2026-05-24T13:29:57.349,robot/arm,s 41.00,0.0,0.71558,0.0,0.0,0.0,0.0,,,,arm_text_s
2026-05-24T13:30:00.425,robot/arm,s 139.00,0.0,2.42601,0.0,0.0,0.0,0.0,,,,arm_text_s
2026-05-24T13:30:02.713,robot/arm,e 38.00,0.0,0.0,0.0,0.0,0.0,0.0,,,,arm_text_e
2026-05-24T13:30:04.997,robot/arm,e 127.00,0.0,0.0,0.0,0.0,0.0,0.0,,,,arm_text_e
2026-05-24T13:30:06.145,robot/arm,b 39.00,0.68068,0.0,0.0,0.0,0.0,0.0,,,,arm_text_b
2026-05-24T13:30:07.197,robot/arm,b 143.00,2.49582,0.0,0.0,0.0,0.0,0.0,,,,arm_text_b
2026-05-24T13:30:15.266,system,,,,,,,,,,,disconnect_rcNormal disconnection
2026-05-24T13:30:20.016,system,,,,,,,,,,,shutdown
2026-05-24T13:31:08.745,system,,,,,,,,,,,disconnect_rcNormal disconnection
2026-05-24T13:31:13.498,system,,,,,,,,,,,shutdown
2026-05-24T13:54:29.805,robot/gripper,g 0.05,,,,,,,,,0.05,gripper_cmd
2026-05-24T13:54:29.810,robot/gripper,g 0.09,,,,,,,,,0.09,gripper_cmd
2026-05-24T13:54:29.814,robot/gripper,g 0.2,,,,,,,,,0.2,gripper_cmd
2026-05-24T13:54:29.958,robot/gripper,g 0.74,,,,,,,,,0.74,gripper_cmd
2026-05-24T13:54:30.068,robot/gripper,g 0.88,,,,,,,,,0.88,gripper_cmd
2026-05-24T13:54:30.158,robot/gripper,g 0.95,,,,,,,,,0.95,gripper_cmd
2026-05-24T13:54:30.250,robot/gripper,g 0.95,,,,,,,,,0.95,gripper_cmd
2026-05-24T13:54:30.434,robot/gripper,g 0.95,,,,,,,,,0.95,gripper_cmd
2026-05-24T13:54:30.573,robot/gripper,g 0.95,,,,,,,,,0.95,gripper_cmd
2026-05-24T13:54:30.577,robot/gripper,g 0.92,,,,,,,,,0.92,gripper_cmd
2026-05-24T13:54:30.603,robot/gripper,g 0.92,,,,,,,,,0.92,gripper_cmd
2026-05-24T13:54:30.829,robot/gripper,g 0.9,,,,,,,,,0.9,gripper_cmd
2026-05-24T13:54:30.832,robot/gripper,g 0.9,,,,,,,,,0.9,gripper_cmd
2026-05-24T13:54:30.916,robot/gripper,g 0.86,,,,,,,,,0.86,gripper_cmd
2026-05-24T13:54:30.992,robot/gripper,g 0.8,,,,,,,,,0.8,gripper_cmd
2026-05-24T13:54:31.132,robot/gripper,g 0.61,,,,,,,,,0.61,gripper_cmd
2026-05-24T13:54:31.138,robot/gripper,g 0.51,,,,,,,,,0.51,gripper_cmd
2026-05-24T13:54:31.325,robot/gripper,g 0.13,,,,,,,,,0.13,gripper_cmd
2026-05-24T13:54:31.440,robot/gripper,g 0.09,,,,,,,,,0.09,gripper_cmd
2026-05-24T13:54:33.108,robot/gripper,g 0.09,,,,,,,,,0.09,gripper_cmd
2026-05-24T13:54:33.114,robot/gripper,g 0.11,,,,,,,,,0.11,gripper_cmd
2026-05-24T13:54:33.173,robot/gripper,g 0.15,,,,,,,,,0.15,gripper_cmd
2026-05-24T13:54:33.271,robot/gripper,g 0.22,,,,,,,,,0.22,gripper_cmd
2026-05-24T13:54:33.411,robot/gripper,g 0.8,,,,,,,,,0.8,gripper_cmd
2026-05-24T13:54:33.547,robot/gripper,g 0.8,,,,,,,,,0.8,gripper_cmd
2026-05-24T13:54:33.688,robot/gripper,g 0.8,,,,,,,,,0.8,gripper_cmd
2026-05-24T13:54:33.774,robot/gripper,g 0.78,,,,,,,,,0.78,gripper_cmd
2026-05-24T13:54:33.874,robot/gripper,g 0.78,,,,,,,,,0.78,gripper_cmd
2026-05-24T13:54:33.963,robot/gripper,g 0.72,,,,,,,,,0.72,gripper_cmd
2026-05-24T13:54:34.048,robot/gripper,g 0.45,,,,,,,,,0.45,gripper_cmd
2026-05-24T13:54:34.134,robot/gripper,g 0.22,,,,,,,,,0.22,gripper_cmd
2026-05-24T13:54:34.228,robot/gripper,g 0.22,,,,,,,,,0.22,gripper_cmd
2026-05-24T13:54:34.404,robot/gripper,g 0.2,,,,,,,,,0.2,gripper_cmd
2026-05-24T13:54:42.454,system,,,,,,,,,,,disconnect_rcNormal disconnection
2026-05-24T13:54:46.191,system,,,,,,,,,,,shutdown
2026-05-24T13:55:25.984,robot/gripper,g 0.03,,,,,,,,,0.03,gripper_cmd
2026-05-24T13:55:25.987,robot/gripper,g 0.16,,,,,,,,,0.16,gripper_cmd
2026-05-24T13:55:26.083,robot/gripper,g 0.33,,,,,,,,,0.33,gripper_cmd
2026-05-24T13:55:26.229,robot/gripper,g 0.37,,,,,,,,,0.37,gripper_cmd
2026-05-24T13:55:26.439,robot/gripper,g 0.51,,,,,,,,,0.51,gripper_cmd
2026-05-24T13:55:26.446,robot/gripper,g 0.51,,,,,,,,,0.51,gripper_cmd
2026-05-24T13:55:26.572,robot/gripper,g 0.51,,,,,,,,,0.51,gripper_cmd
2026-05-24T13:55:26.650,robot/gripper,g 0.51,,,,,,,,,0.51,gripper_cmd
2026-05-24T13:55:26.983,robot/gripper,g 0.53,,,,,,,,,0.53,gripper_cmd
2026-05-24T13:55:26.989,robot/gripper,g 0.53,,,,,,,,,0.53,gripper_cmd
2026-05-24T13:55:27.855,robot/gripper,g 0.53,,,,,,,,,0.53,gripper_cmd
2026-05-24T13:55:27.860,robot/gripper,g 0.74,,,,,,,,,0.74,gripper_cmd
2026-05-24T13:55:27.927,robot/gripper,g 0.93,,,,,,,,,0.93,gripper_cmd
2026-05-24T13:55:27.987,robot/gripper,g 0.95,,,,,,,,,0.95,gripper_cmd
2026-05-24T13:55:28.196,robot/gripper,g 1,,,,,,,,,1.0,gripper_cmd
2026-05-24T13:55:28.332,robot/gripper,g 1,,,,,,,,,1.0,gripper_cmd
2026-05-24T13:55:28.532,robot/gripper,g 1,,,,,,,,,1.0,gripper_cmd
2026-05-24T13:55:28.638,robot/gripper,g 1,,,,,,,,,1.0,gripper_cmd
2026-05-24T13:55:28.849,robot/gripper,g 1,,,,,,,,,1.0,gripper_cmd
2026-05-24T13:55:29.275,robot/gripper,g 1,,,,,,,,,1.0,gripper_cmd
2026-05-24T13:55:29.344,robot/gripper,g 1,,,,,,,,,1.0,gripper_cmd
2026-05-24T13:55:29.622,robot/gripper,g 1,,,,,,,,,1.0,gripper_cmd
2026-05-24T13:55:29.626,robot/gripper,g 1,,,,,,,,,1.0,gripper_cmd
2026-05-24T13:55:30.199,robot/gripper,g 1,,,,,,,,,1.0,gripper_cmd
2026-05-24T13:55:30.204,robot/gripper,g 1,,,,,,,,,1.0,gripper_cmd
2026-05-24T13:55:30.268,robot/gripper,g 1,,,,,,,,,1.0,gripper_cmd
2026-05-24T13:55:30.338,robot/gripper,g 1,,,,,,,,,1.0,gripper_cmd
2026-05-24T13:55:30.431,robot/gripper,g 1,,,,,,,,,1.0,gripper_cmd
2026-05-24T13:55:30.484,robot/gripper,g 0.78,,,,,,,,,0.78,gripper_cmd
2026-05-24T13:55:30.579,robot/gripper,g 0.64,,,,,,,,,0.64,gripper_cmd
2026-05-24T13:55:30.679,robot/gripper,g 0.58,,,,,,,,,0.58,gripper_cmd
2026-05-24T13:55:30.723,robot/gripper,g 0.53,,,,,,,,,0.53,gripper_cmd
2026-05-24T13:55:30.919,robot/gripper,g 0.2,,,,,,,,,0.2,gripper_cmd
2026-05-24T13:55:31.031,robot/gripper,g 0.03,,,,,,,,,0.03,gripper_cmd
2026-05-24T13:55:31.188,robot/gripper,g 0.11,,,,,,,,,0.11,gripper_cmd
2026-05-24T13:55:31.368,robot/gripper,g 0.3,,,,,,,,,0.3,gripper_cmd
2026-05-24T13:55:31.482,robot/gripper,g 1,,,,,,,,,1.0,gripper_cmd
2026-05-24T13:55:31.560,robot/gripper,g 1,,,,,,,,,1.0,gripper_cmd
2026-05-24T13:55:31.697,robot/gripper,g 1,,,,,,,,,1.0,gripper_cmd
2026-05-24T13:55:31.700,robot/gripper,g 1,,,,,,,,,1.0,gripper_cmd
2026-05-24T13:55:31.763,robot/gripper,g 1,,,,,,,,,1.0,gripper_cmd
2026-05-24T13:55:31.841,robot/gripper,g 1,,,,,,,,,1.0,gripper_cmd
2026-05-24T13:55:32.056,robot/gripper,g 1,,,,,,,,,1.0,gripper_cmd
2026-05-24T13:55:32.332,robot/gripper,g 1,,,,,,,,,1.0,gripper_cmd
2026-05-24T13:55:32.842,robot/gripper,g 1,,,,,,,,,1.0,gripper_cmd
2026-05-24T13:55:32.846,robot/gripper,g 1,,,,,,,,,1.0,gripper_cmd
2026-05-24T13:55:32.968,robot/gripper,g 1,,,,,,,,,1.0,gripper_cmd
2026-05-24T13:55:33.071,robot/gripper,g 1,,,,,,,,,1.0,gripper_cmd
2026-05-24T13:55:33.075,robot/gripper,g 1,,,,,,,,,1.0,gripper_cmd
2026-05-24T13:55:33.100,robot/gripper,g 1,,,,,,,,,1.0,gripper_cmd
2026-05-24T13:55:33.106,robot/gripper,g 0.95,,,,,,,,,0.95,gripper_cmd
2026-05-24T13:55:33.182,robot/gripper,g 0.65,,,,,,,,,0.65,gripper_cmd
2026-05-24T13:55:33.235,robot/gripper,g 0.51,,,,,,,,,0.51,gripper_cmd
2026-05-24T13:55:33.364,robot/gripper,g 0.22,,,,,,,,,0.22,gripper_cmd
2026-05-24T13:55:33.470,robot/gripper,g 0.13,,,,,,,,,0.13,gripper_cmd
2026-05-24T13:55:33.632,robot/gripper,g 0.09,,,,,,,,,0.09,gripper_cmd
2026-05-24T13:55:33.695,robot/gripper,g 0.01,,,,,,,,,0.01,gripper_cmd
2026-05-24T13:55:33.818,robot/gripper,g 0.24,,,,,,,,,0.24,gripper_cmd
2026-05-24T13:55:33.926,robot/gripper,g 0.24,,,,,,,,,0.24,gripper_cmd
2026-05-24T13:55:34.117,robot/gripper,g 0.24,,,,,,,,,0.24,gripper_cmd
2026-05-24T13:55:34.122,robot/gripper,g 0.22,,,,,,,,,0.22,gripper_cmd
2026-05-24T13:55:34.125,robot/gripper,g 0.2,,,,,,,,,0.2,gripper_cmd
2026-05-24T13:55:37.942,robot/arm,g 31.00,,,,,,,,,,bad_text_arm_cmd
2026-05-24T13:55:39.219,robot/arm,g 33.00,,,,,,,,,,bad_text_arm_cmd
2026-05-24T13:55:39.223,robot/arm,g 54.00,,,,,,,,,,bad_text_arm_cmd
2026-05-24T13:55:39.310,robot/arm,g 75.00,,,,,,,,,,bad_text_arm_cmd
2026-05-24T13:55:39.479,robot/arm,g 80.00,,,,,,,,,,bad_text_arm_cmd
2026-05-24T13:55:39.888,robot/arm,g 82.00,,,,,,,,,,bad_text_arm_cmd
2026-05-24T13:55:39.890,robot/arm,g 99.00,,,,,,,,,,bad_text_arm_cmd
2026-05-24T13:55:40.172,robot/arm,g 100.00,,,,,,,,,,bad_text_arm_cmd
2026-05-24T13:55:42.796,robot/arm,g 96.00,,,,,,,,,,bad_text_arm_cmd
2026-05-24T13:55:42.799,robot/arm,g 42.00,,,,,,,,,,bad_text_arm_cmd
2026-05-24T13:55:42.843,robot/arm,g 24.00,,,,,,,,,,bad_text_arm_cmd
2026-05-24T13:55:43.033,robot/arm,g 17.00,,,,,,,,,,bad_text_arm_cmd
2026-05-24T13:55:43.176,robot/arm,g 16.00,,,,,,,,,,bad_text_arm_cmd
2026-05-24T13:55:43.287,robot/arm,g 15.00,,,,,,,,,,bad_text_arm_cmd
2026-05-24T13:55:43.411,robot/arm,g 13.00,,,,,,,,,,bad_text_arm_cmd
2026-05-24T13:55:43.543,robot/arm,g 5.00,,,,,,,,,,bad_text_arm_cmd
2026-05-24T13:55:48.688,robot/arm,b 32.00,0.55851,0.52431,-0.52351,-0.09559,0.28321,-0.02714,,,,arm_text_b
2026-05-24T13:55:49.697,feedback,,0.54514,0.52431,-0.52351,-0.09559,0.28321,-0.02714,,,,actual_joints
2026-05-24T13:55:52.097,robot/arm,b 139.00,2.42601,0.52431,-0.52351,-0.09559,0.28321,-0.02714,,,,arm_text_b
2026-05-24T13:55:53.103,feedback,,1.11417,0.52431,-0.52351,-0.09559,0.28321,-0.02714,,,,actual_joints
2026-05-24T13:55:54.072,robot/arm,s 37.00,1.11417,0.64577,-0.52351,-0.09559,0.28321,-0.02714,,,,arm_text_s
2026-05-24T13:55:55.078,feedback,,1.26416,0.64621,-0.52351,-0.09559,0.28321,-0.02714,,,,actual_joints
2026-05-24T13:55:56.774,robot/arm,s 165.00,1.26416,2.87979,-0.52351,-0.09559,0.28321,-0.02714,,,,arm_text_s
2026-05-24T13:55:57.783,feedback,,1.26318,1.21403,-0.52325,-0.09559,0.28306,-0.02714,,,,actual_joints
2026-05-24T13:55:57.996,robot/arm,s 78.00,1.26318,1.36136,-0.52325,-0.09559,0.28306,-0.02714,,,,arm_text_s
2026-05-24T13:55:59.004,feedback,,1.26318,1.3623,-0.52397,-0.09559,0.2836,-0.02714,,,,actual_joints
2026-05-24T13:56:00.301,robot/arm,s 52.00,1.26318,0.90757,-0.52397,-0.09559,0.2836,-0.02714,,,,arm_text_s
2026-05-24T13:56:00.570,robot/arm,s 32.00,1.26318,0.55851,-0.52397,-0.09559,0.2836,-0.02714,,,,arm_text_s
2026-05-24T13:56:01.311,feedback,,1.26318,0.90724,-0.52397,-0.09559,0.28372,-0.02714,,,,actual_joints
2026-05-24T13:56:02.317,feedback,,1.26318,0.55955,-0.52397,-0.09559,0.28372,-0.02714,,,,actual_joints
2026-05-24T13:56:03.782,robot/arm,e 41.00,1.26318,0.55955,0.0,-0.09559,0.28372,-0.02714,,,,arm_text_e
2026-05-24T13:56:04.731,robot/arm,e 128.00,1.26318,0.55955,0.0,-0.09559,0.28372,-0.02714,,,,arm_text_e
2026-05-24T13:56:04.790,feedback,,1.26318,0.55955,-0.0014,-0.09559,0.28201,-0.02714,,,,actual_joints
2026-05-24T13:56:05.798,feedback,,1.26318,0.55955,0.0,-0.09559,0.28321,-0.02714,,,,actual_joints
2026-05-24T13:56:06.296,robot/arm,e 49.00,1.26318,0.55955,0.0,-0.09559,0.28321,-0.02714,,,,arm_text_e
2026-05-24T13:56:07.303,feedback,,1.26318,0.55955,0.0,-0.09559,0.28321,-0.02714,,,,actual_joints
2026-05-24T13:56:07.365,robot/arm,e 48.00,1.26318,0.55955,0.0,-0.09559,0.28321,-0.02714,,,,arm_text_e
2026-05-24T13:56:07.371,robot/arm,e 19.00,1.26318,0.55955,0.0,-0.09559,0.28321,-0.02714,,,,arm_text_e
2026-05-24T13:56:07.431,robot/arm,e 17.00,1.26318,0.55955,0.0,-0.09559,0.28321,-0.02714,,,,arm_text_e
2026-05-24T13:56:07.804,robot/arm,e 16.00,1.26318,0.55955,0.0,-0.09559,0.28321,-0.02714,,,,arm_text_e
2026-05-24T13:56:07.808,robot/arm,e 13.00,1.26318,0.55955,0.0,-0.09559,0.28321,-0.02714,,,,arm_text_e
2026-05-24T13:56:07.963,robot/arm,e 0.00,1.26318,0.55955,0.0,-0.09559,0.28321,-0.02714,,,,arm_text_e
2026-05-24T13:56:08.374,feedback,,1.26318,0.55955,0.0,-0.09559,0.28321,-0.02714,,,,actual_joints
2026-05-24T13:56:09.381,feedback,,1.26318,0.55955,0.0,-0.09559,0.28321,-0.02714,,,,actual_joints
2026-05-24T13:56:09.846,robot/arm,e 59.00,1.26318,0.55955,0.0,-0.09559,0.28321,-0.02714,,,,arm_text_e
2026-05-24T13:56:10.388,feedback,,1.26318,0.55955,0.0,-0.09559,0.28321,-0.02714,,,,actual_joints
2026-05-24T13:56:10.726,robot/arm,e 21.00,1.26318,0.55955,0.0,-0.09559,0.28321,-0.02714,,,,arm_text_e
2026-05-24T13:56:11.399,feedback,,1.26318,0.55955,0.0,-0.09559,0.28321,-0.02714,,,,actual_joints
2026-05-24T13:56:12.407,feedback,,1.26318,0.55955,0.0,-0.09559,0.28321,-0.02714,,,,actual_joints
2026-05-24T13:56:12.554,robot/arm,s 95.00,1.26318,1.65806,0.0,-0.09559,0.28321,-0.02714,,,,arm_text_s
2026-05-24T13:56:13.413,feedback,,1.26318,0.55955,0.0,-0.09559,0.28321,-0.02714,,,,actual_joints
2026-05-24T13:56:14.424,feedback,,1.26318,0.55955,0.0,-0.09559,0.28321,-0.02714,,,,actual_joints
2026-05-24T13:56:14.509,robot/arm,w 42.00,1.26318,0.55955,0.0,-0.09559,0.73304,-0.02714,,,,arm_text_w
2026-05-24T13:56:15.429,feedback,,1.26318,0.55955,0.0,-0.09559,0.28321,-0.02714,,,,actual_joints
2026-05-24T13:56:15.816,robot/arm,w 120.00,1.26318,0.55955,0.0,-0.09559,1.309,-0.02714,,,,arm_text_w
2026-05-24T13:56:16.437,feedback,,1.26318,1.10586,-0.00794,-0.09379,0.22873,-0.02714,,,,actual_joints
2026-05-24T13:56:17.452,feedback,,1.26318,1.13574,-0.00794,-0.09379,0.19944,-0.02714,,,,actual_joints
2026-05-24T13:56:18.042,robot/arm,w 21.00,1.26318,1.13574,-0.00794,-0.09379,0.36652,-0.02714,,,,arm_text_w
2026-05-24T13:56:18.472,feedback,,1.26318,1.13574,-0.00794,-0.09379,0.19944,-0.02714,,,,actual_joints
2026-05-24T13:56:18.957,robot/arm,w 73.00,1.26318,1.13574,-0.00794,-0.09379,1.27409,-0.02714,,,,arm_text_w
2026-05-24T13:56:19.494,feedback,,1.26318,1.13574,-0.00794,-0.09379,0.19944,-0.02714,,,,actual_joints
2026-05-24T13:56:20.508,feedback,,1.26318,1.13574,-0.00794,-0.09379,0.19944,-0.02714,,,,actual_joints
2026-05-24T13:56:27.144,system,,,,,,,,,,,disconnect_rcNormal disconnection
2026-05-24T13:56:30.882,system,,,,,,,,,,,shutdown
